symbol,name,lastsale,netchange,pctchange,volume,marketCap,country,ipoyear,industry,sector,url
AAMC,Altisource Asset Management Corp Com,$3.01,-0.08,-2.589%,2852,7689081.00,United States,,Real Estate,Finance,/market-activity/stocks/aamc
ACU,Acme United Corporation. Common Stock,$38.58,-4.43,-10.30%,24717,140631816.00,United States,1988,Industrial Machinery/Components,Consumer Discretionary,/market-activity/stocks/acu
ADRT,Ault Disruptive Technologies Corporation Common Stock,$12.69,0.0,0.00%,31,182418750.00,,2022,Blank Checks,Finance,/market-activity/stocks/adrt
AE,Adams Resources & Energy Inc. Common Stock,$29.32,-0.2,-0.678%,2528,75254149.00,United States,1980,Oil Refining/Marketing,Energy,/market-activity/stocks/ae
AEF,abrdn Emerging Markets Equity Income Fund Inc. Common Stock,$4.85,-0.02,-0.411%,22331,520708125.00,United States,,Finance/Investors Services,Finance,/market-activity/stocks/aef
AEON,AEON Biopharma Inc. Class A Common Stock,$4.66,-1.88,-28.746%,108824,176096078.00,United States,,Biotechnology: Pharmaceutical Preparations,Health Care,/market-activity/stocks/aeon
AIM,AIM ImmunoTech Inc. Common Stock,$0.465,-0.0119,-2.495%,78081,23204047.00,United States,1997,Biotechnology: Biological Products (No Diagnostic Substances),Health Care,/market-activity/stocks/aim
AINC,Ashford Inc. (Holding Company) Common Stock,$4.80,-0.03,-0.621%,27760,15427080.00,United States,2014,Professional Services,Consumer Discretionary,/market-activity/stocks/ainc
AIRI,Air Industries Group Common Stock,$5.1931,0.0004,0.008%,22181,17217038.00,United States,,Military/Government/Technical,Industrials,/market-activity/stocks/airi
AMBI,Ambipar Emergency Response Class A Ordinary Shares,$4.88,0.07,1.455%,7569,270497668.00,,,Environmental Services,Industrials,/market-activity/stocks/ambi
AMBO,Ambow Education Holding Ltd. American Depository Shares (each representing twenty (20) Class A Ordinary Shares),$1.73,0.14,8.805%,18232,4941530.00,China,,Other Consumer Services,Real Estate,/market-activity/stocks/ambo
AMS,American Shared Hospital Services Common Stock,$2.9898,0.0798,2.742%,6357,18925434.00,United States,1988,Medical Specialities,Health Care,/market-activity/stocks/ams
APT,Alpha Pro Tech Ltd. Common Stock,$6.16,0.16,2.667%,40632,70606129.00,Canada,2000,,,/market-activity/stocks/apt
AREN,The Arena Group Holdings Inc. Common Stock,$0.6785,0.0528,8.439%,14396,20199320.00,United States,2022,Medical/Dental Instruments,Health Care,/market-activity/stocks/aren
ARMN,Aris Mining Corporation Common Shares,$3.94,0.12,3.141%,531625,556797794.00,,2023,,,/market-activity/stocks/armn
ARMP,Armata Pharmaceuticals Inc. Common Stock,$2.665,0.115,4.51%,9559,96335856.00,United States,,Biotechnology: Biological Products (No Diagnostic Substances),Health Care,/market-activity/stocks/armp
ASM,Avino Silver & Gold Mines Ltd. Common Shares (Canada),$0.7454,0.0073,0.989%,544053,93775903.00,Canada,,Metal Mining,Basic Materials,/market-activity/stocks/asm
ASXC,Asensus Surgical Inc. Common Stock,$0.25,-0.0027,-1.068%,1122040,67996592.00,United States,,Medical/Dental Instruments,Health Care,/market-activity/stocks/asxc
ATCH,AtlasClear Holdings Inc. Common Stock,$1.2619,-0.0381,-2.931%,1938,15717163.00,,2024,Finance: Consumer Services,Finance,/market-activity/stocks/atch
ATNM,Actinium Pharmaceuticals Inc. (Delaware) Common Stock,$6.85,0.18,2.699%,347605,201365415.00,United States,,Biotechnology: Pharmaceutical Preparations,Health Care,/market-activity/stocks/atnm
AULT,Ault Alliance Inc. Common Stock,$0.304,0.0619,25.568%,56803002,9139881.00,United States,1997,Industrial Machinery/Components,Technology,/market-activity/stocks/ault
AUMN,Golden Minerals Company Common Stock,$0.615,-0.0201,-3.165%,227260,8962550.00,United States,,Precious Metals,Basic Materials,/market-activity/stocks/aumn
AUST,Austin Gold Corp. Common Shares,$1.14,0.01,0.885%,111687,15129795.00,,2022,,,/market-activity/stocks/aust
AWX,Avalon Holdings Corporation Common Stock,$2.255,0.0396,1.787%,704,8793217.00,United States,1998,Environmental Services,Utilities,/market-activity/stocks/awx
AXIL,AXIL Brands Inc. Common Stock,$11.60,-0.83,-6.677%,3976,68195692.00,,2024,Package Goods/Cosmetics,Consumer Discretionary,/market-activity/stocks/axil
AZTR,Azitra Inc Common Stock,$0.195,0.0052,2.74%,353494,5616905.00,,2023,Biotechnology: Pharmaceutical Preparations,Health Care,/market-activity/stocks/aztr
BACA,Berenson Acquisition Corp. I Class A Common Stock,$10.38,0.0,0.00%,1,0.00,,2021,Blank Checks,Finance,/market-activity/stocks/baca
BATL,Battalion Oil Corporation Common Stock,$5.44,0.07,1.304%,12552,89523703.00,United States,,Oil & Gas Production,Energy,/market-activity/stocks/batl
BCV,Bancroft Fund Ltd.,$14.67,-0.07,-0.475%,18247,0.00,United States,1972,Finance/Investors Services,Finance,/market-activity/stocks/bcv
BDL,Flanigan's Enterprises Inc. Common Stock,$24.86,0.0,0.00%,218,46205964.00,United States,1972,Restaurants,Consumer Discretionary,/market-activity/stocks/bdl
BEEP,Mobile Infrastructure Corporation Common Stock,$3.265,-0.125,-3.687%,83174,0.00,,2023,Blank Checks,Finance,/market-activity/stocks/beep
BGI,Birks Group Inc. Common Stock,$2.8488,-0.0911,-3.099%,1997,31251336.00,Canada,,,,/market-activity/stocks/bgi
BHB,Bar Harbor Bankshares Inc. Common Stock,$25.48,1.62,6.79%,44136,386914335.00,United States,1997,Major Banks,Finance,/market-activity/stocks/bhb
BHM,Bluerock Homes Trust Inc. Class A Common Stock,$16.75,0.07,0.42%,6463,64985880.00,,2022,Real Estate Investment Trusts,Real Estate,/market-activity/stocks/bhm
BITE,Bite Acquisition Corp. Common Stock,$10.80,0.01,0.093%,2145,0.00,,2021,Blank Checks,Finance,/market-activity/stocks/bite
BKTI,BK Technologies Corporation Common Stock,$13.36,-0.18,-1.329%,20887,47094027.00,United States,,Radio And Television Broadcasting And Communications Equipment,Technology,/market-activity/stocks/bkti
BLUA,BlueRiver Acquisition Corp. Class A Ordinary Shares,$10.98,0.0,0.00%,5361,0.00,,2021,Blank Checks,Finance,/market-activity/stocks/blua
BMTX,BM Technologies Inc. Common Stock,$1.63,0.17,11.644%,3249,19663950.00,,2018,EDP Services,Technology,/market-activity/stocks/bmtx
BQ,Boqii Holding Limited American Depositary Shares representing Class A Ordinary Shares,$0.2978,0.0328,12.377%,1065896,1938129.00,,2020,Other Specialty Stores,Consumer Discretionary,/market-activity/stocks/bq
BRBS,Blue Ridge Bankshares Inc. Common Stock,$2.61,0.08,3.162%,86297,50107769.00,United States,,Commercial Banks,Finance,/market-activity/stocks/brbs
BRN,Barnwell Industries Inc. Common Stock,$2.83,0.04,1.434%,51446,28379495.00,United States,1965,Oil & Gas Production,Energy,/market-activity/stocks/brn
BTG,B2Gold Corp Common shares (Canada),$2.60,-0.01,-0.383%,15913678,3387667314.00,Canada,,Precious Metals,Basic Materials,/market-activity/stocks/btg
BTTR,Better Choice Company Inc. Common Stock,$6.25,0.1068,1.739%,31988,5585006.00,,2021,Beverages (Production/Distribution),Consumer Staples,/market-activity/stocks/bttr
BURU,Nuburu Inc. Common Stock,$0.165,-0.0007,-0.422%,188652,6093846.00,United States,2020,Industrial Machinery/Components,Technology,/market-activity/stocks/buru
CANF,Can-Fite Biopharma Ltd Sponsored ADR (Israel),$1.98,0.01,0.508%,7817,8974926.00,Israel,,Biotechnology: Pharmaceutical Preparations,Health Care,/market-activity/stocks/canf
CATX,Perspective Therapeutics Inc. Common Stock,$1.50,0.03,2.041%,3172981,880373966.00,United States,,Medical/Dental Instruments,Health Care,/market-activity/stocks/catx
CCEL,Cryo-Cell International Inc. Common Stock,$7.50,0.13,1.764%,22984,60783578.00,United States,2022,Managed Health Care,Health Care,/market-activity/stocks/ccel
CEI,Camber Energy Inc. Common Stock,$0.1664,0.0024,1.463%,11974794,24783666.00,United States,,Oil & Gas Production,Energy,/market-activity/stocks/cei
CET,Central Securities Corporation Common Stock,$40.11,-0.1,-0.249%,31914,9707630772.00,United States,1951,Finance/Investors Services,Finance,/market-activity/stocks/cet
CEV,Eaton Vance California Municipal Income Trust Shares of Beneficial Interest,$10.40,-0.05,-0.478%,11083,73149180.00,United States,1999,Investment Bankers/Brokers/Service,Finance,/market-activity/stocks/cev
CHAA,Catcha Investment Corp. Class A Ordinary Shares,$11.24,-0.04,-0.355%,8767,0.00,,2021,Blank Checks,Finance,/market-activity/stocks/chaa
CHRO,Chromocell Therapeutics Corporation Common Stock,$1.54,0.315,25.714%,119192,9051866.00,,2024,,,/market-activity/stocks/chro
CIK,Credit Suisse Asset Management Income Fund Inc. Common Stock,$2.86,0.0006,0.021%,341589,0.00,United States,,Finance/Investors Services,Finance,/market-activity/stocks/cik
CIX,CompX International Inc. Common Stock,$31.36,-0.36,-1.135%,3596,386159420.00,United States,1998,Industrial Machinery/Components,Consumer Discretionary,/market-activity/stocks/cix
CKX,CKX Lands Inc. Common Stock,$13.6816,0.4516,3.413%,4053,27244676.00,United States,2003,Oil & Gas Production,Energy,/market-activity/stocks/ckx
CLDI,Calidi Biotherapeutics Inc. Common Stock,$0.162,0.002,1.25%,1165920,5757162.00,,2021,Biotechnology: Biological Products (No Diagnostic Substances),Health Care,/market-activity/stocks/cldi
CLM,Cornerstone Strategic Value Fund Inc. New Common Stock,$7.17,-0.06,-0.83%,1555871,0.00,United States,2003,Finance/Investors Services,Finance,/market-activity/stocks/clm
CMCL,Caledonia Mining Corporation Plc Common Shares,$10.18,0.23,2.312%,36462,195354200.00,Canada,,Precious Metals,Basic Materials,/market-activity/stocks/cmcl
CMT,Core Molding Technologies Inc Common Stock,$19.80,0.76,3.992%,51646,179005939.00,United States,1996,Plastic Products,Industrials,/market-activity/stocks/cmt
COE,51Talk Online Education Group American depositary shares each representing 60 Class A ordinary shares,$6.47,-0.13,-1.97%,1384,36427847.00,China,2016,Other Consumer Services,Real Estate,/market-activity/stocks/coe
COHN,Cohen & Company Inc.,$6.26,-0.13,-2.034%,6830,12070357.00,United States,,Investment Bankers/Brokers/Service,Finance,/market-activity/stocks/cohn
CPHI,China Pharma Holdings Inc. Common Stock,$0.3176,-0.0101,-3.082%,437614,4705836.00,China,,Biotechnology: Pharmaceutical Preparations,Health Care,/market-activity/stocks/cphi
CRF,Cornerstone Total Return Fund Inc. (The) Common Stock,$7.21,-0.05,-0.689%,664419,0.00,United States,2003,Finance/Investors Services,Finance,/market-activity/stocks/crf
CTGO,Contango ORE Inc. Common Stock,$20.13,-0.07,-0.347%,21639,189224577.00,United States,2021,Precious Metals,Basic Materials,/market-activity/stocks/ctgo
CTM,Castellum Inc. Common Stock,$0.241,0.0094,4.059%,88703,12780210.00,,2022,EDP Services,Technology,/market-activity/stocks/ctm
CVM,Cel-Sci Corporation Common Stock,$1.56,0.06,4.00%,227105,78162600.00,United States,1997,Biotechnology: Biological Products (No Diagnostic Substances),Health Care,/market-activity/stocks/cvm
CVR,Chicago Rivet & Machine Co. Common Stock,$16.185,0.0,0.00%,136,15636846.00,United States,1930,Industrial Machinery/Components,Industrials,/market-activity/stocks/cvr
CVU,CPI Aerostructures Inc. Common Stock,$2.60,-0.1,-3.704%,33601,33421513.00,United States,2022,Military/Government/Technical,Industrials,/market-activity/stocks/cvu
CYBN,Cybin Inc. Common Shares,$0.3677,-0.0022,-0.595%,1775318,279338930.00,Canada,,Biotechnology: Pharmaceutical Preparations,Health Care,/market-activity/stocks/cybn
DC,Dakota Gold Corp. Common Stock,$2.52,0.02,0.80%,253614,221013934.00,United States,2022,Precious Metals,Basic Materials,/market-activity/stocks/dc
DDC,DDC Enterprise Limited Class A Ordinary Shares,$1.26,0.01,0.80%,6174,25103066.00,,2023,Metal Mining,Basic Materials,/market-activity/stocks/ddc
DHY,Credit Suisse High Yield Bond Fund Common Stock,$1.98,0.0,0.00%,166757,0.00,United States,1998,Finance/Investors Services,Finance,/market-activity/stocks/dhy
DIT,AMCON Distributing Company Common Stock,$165.70,-17.8,-9.70%,2160,104450983.00,United States,1999,Food Distributors,Consumer Discretionary,/market-activity/stocks/dit
DLA,Delta Apparel Inc. Common Stock,$2.69,0.1,3.861%,14305,18967594.00,United States,2000,Apparel,Consumer Staples,/market-activity/stocks/dla
DMF,BNY Mellon Municipal Income Inc. Common Stock,$6.611,0.031,0.471%,22018,411804836.00,United States,1988,Finance/Investors Services,Finance,/market-activity/stocks/dmf
DMYY,dMY Squared Technology Group Inc. Class A Common Stock,$10.68,-0.02,-0.187%,2109,0.00,,2022,Blank Checks,Finance,/market-activity/stocks/dmyy
DNN,Denison Mines Corp Ordinary Shares (Canada),$1.99,-0.02,-0.995%,8759961,1773082778.00,Canada,,Other Metals and Minerals,Basic Materials,/market-activity/stocks/dnn
DPSI,DecisionPoint Systems Inc. Common Stock,$8.40,-0.1,-1.176%,1035,64514806.00,,2022,Retail: Computer Software & Peripheral Equipment,Technology,/market-activity/stocks/dpsi
DSS,DSS Inc. Common Stock,$1.75,-0.03,-1.685%,1709,12366851.00,United States,,Containers/Packaging,Consumer Discretionary,/market-activity/stocks/dss
DXF,Dunxin Financial Holdings Limited American Depositary Shares,$0.252,-0.0255,-9.189%,489071,547291.00,China,,Finance: Consumer Services,Finance,/market-activity/stocks/dxf
EAD,Allspring Income Opportunities Fund Common Shares,$6.32,-0.02,-0.315%,120220,0.00,United States,2003,Finance/Investors Services,Finance,/market-activity/stocks/ead
ECF,Ellsworth Growth and Income Fund Ltd.,$7.57,-0.06,-0.786%,49331,0.00,United States,1986,Finance/Investors Services,Finance,/market-activity/stocks/ecf
EFSH,1847 Holdings LLC Common Shares,$2.13,0.4,23.121%,246332,1686506.00,,2022,Professional Services,Consumer Discretionary,/market-activity/stocks/efsh
EIM,Eaton Vance Municipal Bond Fund Common Shares of Beneficial Interest $.01 par value,$10.04,0.03,0.30%,54523,0.00,United States,2002,Finance/Investors Services,Finance,/market-activity/stocks/eim
ELA,Envela Corporation Common Stock,$4.28,-0.04,-0.926%,35737,112779768.00,United States,,Consumer Specialties,Consumer Discretionary,/market-activity/stocks/ela
ELLO,Ellomay Capital Ltd Ordinary Shares (Israel),$14.92,0.0,0.00%,75,191722000.00,Israel,,Electric Utilities: Central,Utilities,/market-activity/stocks/ello
ELMD,Electromed Inc. Common Stock,$14.50,0.56,4.017%,22289,124775792.00,United States,2011,Biotechnology: Electromedical & Electrotherapeutic Apparatus,Health Care,/market-activity/stocks/elmd
EMX,EMX Royalty Corporation Common Shares (Canada),$1.94,-0.01,-0.513%,165431,217675838.00,Canada,,Metal Mining,Basic Materials,/market-activity/stocks/emx
ENSV,Enservco Corporation Common Stock,$0.281,0.0195,7.457%,833836,7553180.00,United States,,Oilfield Services/Equipment,Energy,/market-activity/stocks/ensv
ENX,Eaton Vance New York Municipal Bond Fund Common Shares of Beneficial Interest $.01 par value,$9.52,0.04,0.422%,15720,0.00,United States,2002,Finance/Investors Services,Finance,/market-activity/stocks/enx
EP,Empire Petroleum Corporation Common Stock,$5.26,0.43,8.903%,69579,134780525.00,United States,2022,Oil & Gas Production,Energy,/market-activity/stocks/ep
EPM,Evolution Petroleum Corporation Inc. Common Stock,$5.73,0.1,1.776%,183998,191704771.00,United States,,Oil & Gas Production,Energy,/market-activity/stocks/epm
EQX,Equinox Gold Corp. Common Shares,$6.00,0.14,2.389%,1881978,1941628176.00,Canada,,Precious Metals,Basic Materials,/market-activity/stocks/eqx
ERC,Allspring Multi-Sector Income Fund Common Stock,$8.83,0.0,0.00%,63828,0.00,United States,2003,Finance/Investors Services,Finance,/market-activity/stocks/erc
ERH,Allspring Utilities and High Income Fund Common Shares,$9.08,0.11,1.226%,26303,0.00,,2004,Finance/Investors Services,Finance,/market-activity/stocks/erh
ESP,Espey Mfg. & Electronics Corp. Common Stock,$21.81,-0.01,-0.046%,20679,59125449.00,United States,1960,Industrial Machinery/Components,Technology,/market-activity/stocks/esp
EVBN,Evans Bancorp Inc. Common Stock,$26.19,0.29,1.12%,27190,144270051.00,United States,,Major Banks,Finance,/market-activity/stocks/evbn
EVE,EVe Mobility Acquisition Corp Class A Ordinary Shares,$10.98,-0.01,-0.091%,38546,0.00,,2022,Blank Checks,Finance,/market-activity/stocks/eve
EVI,EVI Industries Inc.  Common Stock,$21.98,0.54,2.519%,18047,278580301.00,United States,1999,Other Consumer Services,Consumer Discretionary,/market-activity/stocks/evi
EVM,Eaton Vance California Municipal Bond Fund Common Shares of Beneficial Interest $.01 par value,$9.24,-0.1,-1.071%,35111,0.00,United States,2002,Finance/Investors Services,Finance,/market-activity/stocks/evm
EVV,Eaton Vance Limited Duration Income Fund Common Shares of Beneficial Interest,$9.37,-0.01,-0.107%,202672,0.00,United States,2003,Finance/Investors Services,Finance,/market-activity/stocks/evv
FAX,abrdn Asia-Pacific Income Fund Inc. Common Stock,$2.57,-0.03,-1.154%,812012,0.00,United States,1986,Investment Managers,Finance,/market-activity/stocks/fax
FCO,abrdn Global Income Fund Inc. Common Stock,$5.51,0.01,0.182%,33538,0.00,United States,1992,Investment Managers,Finance,/market-activity/stocks/fco
FEN,First Trust Energy Income and Growth Fund,$16.50,0.2,1.227%,96314,0.00,United States,2004,Finance/Investors Services,Finance,/market-activity/stocks/fen
FLYX,flyExclusive Inc. Class A Common Stock,$4.63,-0.17,-3.542%,29094,79751639.00,,2023,Blank Checks,Finance,/market-activity/stocks/flyx
FOXO,FOXO Technologies Inc. Class A Common Stock,$0.267,-0.0102,-3.68%,185286,2388591.00,,2022,Retail: Computer Software & Peripheral Equipment,Technology,/market-activity/stocks/foxo
FRD,Friedman Industries Inc. Common Stock,$18.77,-0.23,-1.211%,7680,130945357.00,United States,1975,Steel/Iron Ore,Industrials,/market-activity/stocks/frd
FSI,Flexible Solutions International Inc. Common Stock (CDA),$2.06,-0.01,-0.483%,8510,25648096.00,Canada,2002,Major Chemicals,Industrials,/market-activity/stocks/fsi
FSP,Franklin Street Properties Corp. Common Stock,$1.88,0.02,1.075%,332969,194449064.00,United States,,Real Estate Investment Trusts,Real Estate,/market-activity/stocks/fsp
FTF,Franklin Limited Duration Income Trust Common Shares of Beneficial Interest,$6.13,-0.02,-0.325%,213809,247684943.00,United States,2003,Finance/Investors Services,Finance,/market-activity/stocks/ftf
FURY,Fury Gold Mines Limited Common Shares,$0.4937,-0.0053,-1.062%,73980,71856776.00,,2020,Precious Metals,Basic Materials,/market-activity/stocks/fury
GAU,Galiano Gold Inc.,$1.48,-0.02,-1.333%,960039,332935056.00,Canada,,Mining & Quarrying of Nonmetallic Minerals (No Fuels),Industrials,/market-activity/stocks/gau
GBR,New Concept Energy Inc Common Stock,$1.4399,0.3599,33.324%,1077883,7389472.00,United States,1993,Oil & Gas Production,Energy,/market-activity/stocks/gbr
GENC,Gencor Industries Inc. Common Stock,$17.06,0.28,1.669%,32076,250060396.00,United States,,Construction/Ag Equipment/Trucks,Industrials,/market-activity/stocks/genc
GGN,GAMCO Global Gold Natural Resources & Income Trust,$4.08,0.07,1.746%,599264,0.00,United States,2005,Finance/Investors Services,Finance,/market-activity/stocks/ggn
GLDG,GoldMining Inc. Common Shares,$0.853,0.003,0.353%,233970,156815928.00,,,Precious Metals,Basic Materials,/market-activity/stocks/gldg
GLO,Clough Global Opportunities Fund Common Stock,$4.86,-0.03,-0.613%,114187,0.00,United States,2006,Finance/Investors Services,Finance,/market-activity/stocks/glo
GLQ,Clough Global Equity Fund Clough Global Equity Fund Common Shares of Beneficial Interest,$6.21,-0.02,-0.321%,88658,0.00,United States,2005,Finance/Investors Services,Finance,/market-activity/stocks/glq
GLU,Gabelli Global Utility Common Shares of Beneficial Ownership,$13.55,0.04,0.296%,9810,80878744.00,United States,2004,Finance/Investors Services,Finance,/market-activity/stocks/glu
GLV,Clough Global Dividend and Income Fund Common Shares of beneficial interest,$5.36,-0.01,-0.186%,56614,68123365.00,United States,2004,Finance/Investors Services,Finance,/market-activity/stocks/glv
GNS,Genius Group Limited Ordinary Shares,$0.412,0.0195,4.968%,2689172,20970823.00,Singapore,2022,Other Consumer Services,Real Estate,/market-activity/stocks/gns
GORO,Gold Resource Corporation Common Stock,$0.486,0.029,6.346%,720283,43136198.00,United States,,Precious Metals,Basic Materials,/market-activity/stocks/goro
GRF,Eagle Capital Growth Fund Inc. Common Stock,$9.30,0.046,0.497%,5240,0.00,United States,,Finance/Investors Services,Finance,/market-activity/stocks/grf
GRFX,Graphex Group Limited American Depositary Shares each American Depositary Share representing 20 Ordinary Shares,$0.227,0.012,5.581%,40157,176480446.00,,2022,,,/market-activity/stocks/grfx
GROY,Gold Royalty Corp. Common Shares,$1.95,0.03,1.563%,381133,282692056.00,Canada,2021,Precious Metals,Basic Materials,/market-activity/stocks/groy
GSAT,Globalstar Inc. Common Stock,$1.27,0.02,1.60%,3464648,2413000000.00,United States,2006,Telecommunications Equipment,Consumer Discretionary,/market-activity/stocks/gsat
GTE,Gran Tierra Energy Inc. Common Stock,$8.17,0.18,2.253%,516641,263453913.00,Canada,,Oil & Gas Production,Energy,/market-activity/stocks/gte
HNRA,HNR Acquisition Corp Class A Common Stock,$2.81,0.27,10.63%,308680,0.00,,2022,Oil & Gas Production,Energy,/market-activity/stocks/hnra
HNW,Pioneer Diversified High Income Fund Inc.,$11.3947,0.0147,0.129%,17043,0.00,United States,2007,Finance/Investors Services,Finance,/market-activity/stocks/hnw
HUSA,Houston American Energy Corporation Common Stock,$1.91,0.24,14.371%,2937396,20831134.00,United States,,Oil & Gas Production,Energy,/market-activity/stocks/husa
IAF,abrdn Australia Equity Fund Inc. Common Stock,$4.17,0.0,0.00%,62592,0.00,United States,1985,Finance/Investors Services,Finance,/market-activity/stocks/iaf
IAUX,i-80 Gold Corp. Common Shares,$1.27,0.07,5.833%,1888384,379097964.00,Canada,2022,,,/market-activity/stocks/iaux
IBIO,iBio Inc. Common Stock,$1.72,-0.05,-2.825%,95240,5992938.00,United States,,Biotechnology: Pharmaceutical Preparations,Health Care,/market-activity/stocks/ibio
IDR,Idaho Strategic Resources Inc. Common Stock,$9.31,0.03,0.323%,21771,116932464.00,,2022,Precious Metals,Basic Materials,/market-activity/stocks/idr
IE,Ivanhoe Electric Inc. Common Stock,$10.60,0.08,0.76%,648731,1275247988.00,Canada,2022,Metal Mining,Basic Materials,/market-activity/stocks/ie
IGC,IGC Pharma Inc. Common Stock,$0.49,0.0139,2.92%,618031,31229875.00,United States,,Biotechnology: Pharmaceutical Preparations,Health Care,/market-activity/stocks/igc
IHT,InnSuites Hospitality Trust Shares of Beneficial Interest,$1.53,0.09,6.25%,1337,13806423.00,United States,1999,Investment Bankers/Brokers/Service,Finance,/market-activity/stocks/iht
IMO,Imperial Oil Limited Common Stock,$69.44,0.94,1.372%,328027,37208507600.00,Canada,1929,Integrated oil Companies,Energy,/market-activity/stocks/imo
INDO,Indonesia Energy Corporation Limited Ordinary Shares,$5.03,0.95,23.284%,16206364,51004200.00,,2019,Oil & Gas Production,Energy,/market-activity/stocks/indo
INFU,InfuSystems Holdings Inc. Common Stock,$8.20,0.41,5.263%,32697,174370499.00,United States,,Medical/Dental Instruments,Health Care,/market-activity/stocks/infu
INLX,Intellinetics Inc. Common Stock,$7.19,0.0119,0.166%,3500,29576935.00,,2022,Computer Software: Prepackaged Software,Technology,/market-activity/stocks/inlx
INTT,inTest Corporation Common Stock,$11.09,0.05,0.453%,95928,134906501.00,United States,1997,Semiconductors,Technology,/market-activity/stocks/intt
INUV,Inuvo Inc.,$0.32,-0.009,-2.736%,178392,44550651.00,United States,,Advertising,Consumer Discretionary,/market-activity/stocks/inuv
IOR,Income Opportunity Realty Investors Inc. Common Stock,$16.4673,0.0,0.00%,38,67692361.00,United States,1987,Real Estate Investment Trusts,Real Estate,/market-activity/stocks/ior
ISDR,Issuer Direct Corporation Common Stock,$11.5332,-0.0618,-0.533%,2810,44001603.00,United States,,Publishing,Consumer Discretionary,/market-activity/stocks/isdr
ITP,IT Tech Packaging Inc. Common Stock,$0.2223,-0.0103,-4.428%,12951,2237654.00,China,,Containers/Packaging,Consumer Discretionary,/market-activity/stocks/itp
ITRG,Integra Resources Corp. Common Shares,$0.87,-0.001,-0.115%,145302,74288670.00,,,Precious Metals,Basic Materials,/market-activity/stocks/itrg
JOB,GEE Group Inc. Common Stock,$0.33,0.0018,0.548%,121658,35894621.00,United States,1968,Diversified Commercial Services,Consumer Discretionary,/market-activity/stocks/job
JWSM,Jaws Mustang Acquisition Corp. Class A Ordinary Shares,$11.00,0.03,0.273%,33771,0.00,,2021,Blank Checks,Finance,/market-activity/stocks/jwsm
KNW,Know Labs Inc. Common Stock,$0.5632,-0.031,-5.217%,26785,45814362.00,,2022,Industrial Machinery/Components,Industrials,/market-activity/stocks/knw
KULR,KULR Technology Group Inc. Common Stock,$0.4472,0.0392,9.608%,7470446,77307154.00,United States,,Electrical Products,Technology,/market-activity/stocks/kulr
LCTX,Lineage Cell Therapeutics Inc. Common Stock,$1.15,-0.05,-4.167%,1099085,216813566.00,United States,,Biotechnology: Biological Products (No Diagnostic Substances),Health Care,/market-activity/stocks/lctx
LEGT,Legato Merger Corp. III Ordinary Shares,$10.115,0.025,0.248%,39895,0.00,,2024,,,/market-activity/stocks/legt
LEU,Centrus Energy Corp. Class A Common Stock,$41.37,0.74,1.821%,95313,648500979.00,United States,2014,Mining & Quarrying of Nonmetallic Minerals (No Fuels),Industrials,/market-activity/stocks/leu
LGL,LGL Group Inc. (The) Common Stock,$5.77,0.14,2.487%,2811,31002527.00,United States,1946,Industrial Machinery/Components,Technology,/market-activity/stocks/lgl
LODE,Comstock Inc. Common Stock,$0.29,-0.027,-8.517%,1053323,33588084.00,United States,,Real Estate,Finance,/market-activity/stocks/lode
LPA,Logistic Properties of the Americas Ordinary Shares,$7.09,-0.44,-5.843%,16040,0.00,,2024,,,/market-activity/stocks/lpa
LPTV,Loop Media Inc. Common Stock,$0.2941,0.0128,4.55%,340482,20837342.00,United States,2022,Broadcasting,Industrials,/market-activity/stocks/lptv
LSF,Laird Superfood Inc. Common Stock,$2.25,0.09,4.167%,47375,21183131.00,,2020,Packaged Foods,Consumer Staples,/market-activity/stocks/lsf
LXFR,Luxfer Holdings PLC Ordinary Shares,$9.78,0.39,4.153%,118429,262442662.00,United Kingdom,2012,Major Chemicals,Industrials,/market-activity/stocks/lxfr
MAG,MAG Silver Corporation Ordinary Shares,$12.40,0.24,1.974%,866507,1276562801.00,Canada,,Precious Metals,Basic Materials,/market-activity/stocks/mag
MAIA,MAIA Biotechnology Inc. Common Stock,$2.15,0.19,9.694%,99620,43006076.00,,2022,Biotechnology: Pharmaceutical Preparations,Health Care,/market-activity/stocks/maia
MGLD,The Marygold Companies Inc. Common Stock,$1.32,0.19,16.814%,14019,51986166.00,,2022,Finance/Investors Services,Finance,/market-activity/stocks/mgld
MHH,Mastech Digital Inc Common Stock,$8.87,-0.03,-0.337%,978,103000081.00,United States,,Professional Services,Consumer Discretionary,/market-activity/stocks/mhh
MI,NFT Limited Class A Ordinary Share,$4.01,-0.225,-5.313%,9549,12390932.00,,2023,Other Specialty Stores,Consumer Discretionary,/market-activity/stocks/mi
MITQ,Moving iMage Technologies Inc. Common Stock,$0.5881,-0.0432,-6.843%,106517,6162828.00,United States,2021,Telecommunications Equipment,Telecommunications,/market-activity/stocks/mitq
MLSS,Milestone Scientific Inc. Common Stock,$0.551,-0.0204,-3.57%,68398,42207766.00,United States,2015,Industrial Specialties,Health Care,/market-activity/stocks/mlss
MMA,Alta Global Group Limited Ordinary Shares,$3.125,-0.0281,-0.891%,11963,32086519.00,,2024,Other Consumer Services,Consumer Discretionary,/market-activity/stocks/mma
MPTI,M-tron Industries Inc. Common Stock,$23.90,0.11,0.462%,30471,66825141.00,,2022,,,/market-activity/stocks/mpti
MPU,Mega Matrix Corp. Common Stock,$2.43,-0.02,-0.816%,211048,87175353.00,United States,1998,Diversified Commercial Services,Consumer Discretionary,/market-activity/stocks/mpu
MRT,Marti Technologies Inc. Class A Ordinary Shares,$1.80,0.25,16.129%,1368462,102664969.00,,2021,Rental/Leasing Companies,Consumer Discretionary,/market-activity/stocks/mrt
MSN,Emerson Radio Corporation Common Stock,$0.538,-0.022,-3.929%,5359,11320947.00,United States,1994,Consumer Electronics/Appliances,Consumer Staples,/market-activity/stocks/msn
MTA,Metalla Royalty & Streaming Ltd. Common Shares,$3.15,-0.06,-1.869%,329509,287937878.00,,,Precious Metals,Basic Materials,/market-activity/stocks/mta
MTNB,Matinas Biopharma Holdings Inc. Common Stock,$0.1877,-0.0023,-1.211%,332767,40821527.00,United States,2017,Biotechnology: Pharmaceutical Preparations,Health Care,/market-activity/stocks/mtnb
MWG,Multi Ways Holdings Limited Ordinary Shares,$0.3636,0.0331,10.015%,5704,9017280.00,,2023,Miscellaneous manufacturing industries,Consumer Discretionary,/market-activity/stocks/mwg
MXC,Mexco Energy Corporation Common Stock,$13.32,0.31,2.383%,18406,27943202.00,United States,2003,Oil & Gas Production,Energy,/market-activity/stocks/mxc
MYND,Mynd.ai Inc. American Depositary Shares,$3.22,0.1006,3.225%,17729,146985858.00,,2017,Other Consumer Services,Real Estate,/market-activity/stocks/mynd
MYO,Myomo Inc. Common Stock,$3.19,0.37,13.121%,323909,90874066.00,United States,2017,Industrial Specialties,Health Care,/market-activity/stocks/myo
NAK,Northern Dynasty Minerals Ltd. Common Stock,$0.2926,0.009,3.173%,1954631,155055473.00,Canada,,Precious Metals,Basic Materials,/market-activity/stocks/nak
NBH,Neuberger Berman Municipal Fund Inc. Common Stock,$10.10,0.0,0.00%,66981,0.00,United States,2002,Finance/Investors Services,Finance,/market-activity/stocks/nbh
NBY,NovaBay Pharmaceuticals Inc. Common Stock,$0.0824,-0.0016,-1.905%,1652369,2480088.00,United States,2007,Biotechnology: Pharmaceutical Preparations,Health Care,/market-activity/stocks/nby
NCL,Northann Corp. Common Stock,$0.495,0.0,0.00%,44183,10583100.00,,2023,,,/market-activity/stocks/ncl
NEN,New England Realty Associates Limited Partnership Class A Depositary Receipts Evidencing Units of Limited Partnership,$69.15,-0.85,-1.214%,2433,196240163.00,United States,,Building operators,Real Estate,/market-activity/stocks/nen
NEWP,New Pacific Metals Corp. Common Shares,$1.97,0.0,0.00%,306057,337278548.00,,2021,Precious Metals,Basic Materials,/market-activity/stocks/newp
NFGC,New Found Gold Corp Common Shares,$3.68,0.0,0.00%,377404,687692684.00,,2021,Precious Metals,Basic Materials,/market-activity/stocks/nfgc
NG,Novagold Resources Inc.,$3.10,0.03,0.977%,2006583,1036550791.00,Canada,2003,Precious Metals,Basic Materials,/market-activity/stocks/ng
NGD,New Gold Inc.,$1.75,0.0,0.00%,8545588,1199800000.00,Canada,,Metal Mining,Basic Materials,/market-activity/stocks/ngd
NHC,National HealthCare Corporation Common Stock,$90.62,2.67,3.036%,71318,1391016003.00,United States,1986,Hospital/Nursing Management,Health Care,/market-activity/stocks/nhc
NHS,Neuberger Berman High Yield Strategies Fund,$7.90,0.0,0.00%,51138,0.00,United States,,Trusts Except Educational Religious and Charitable,Finance,/market-activity/stocks/nhs
NML,Neuberger Berman Energy Infrastructure and Income Fund Inc. Common Stock,$7.33,0.12,1.664%,171964,0.00,,2013,Finance/Investors Services,Finance,/market-activity/stocks/nml
NNVC,NanoViricides Inc. Common Stock,$1.10,-0.075,-6.383%,22323,12956900.00,United States,,Biotechnology: Pharmaceutical Preparations,Health Care,/market-activity/stocks/nnvc
NRO,Neuberger Berman Real Estate Securities Income Fund Inc.,$3.021,0.021,0.70%,96241,0.00,United States,2003,Finance/Investors Services,Finance,/market-activity/stocks/nro
NRXS,Neuraxis Inc. Common Stock,$3.14,-0.1099,-3.382%,976,20707977.00,,2023,,,/market-activity/stocks/nrxs
NTIP,Network-1 Technologies Inc. Common Stock,$1.95,0.0,0.00%,25373,45844537.00,United States,,Multi-Sector Companies,Miscellaneous,/market-activity/stocks/ntip
OBE,Obsidian Energy Ltd. Common Shares,$8.09,-0.04,-0.492%,313567,625385622.00,Canada,2022,,,/market-activity/stocks/obe
OGEN,Oragenics Inc. Common Stock,$1.13,0.0,0.00%,15252,5063183.00,United States,,Biotechnology: Pharmaceutical Preparations,Health Care,/market-activity/stocks/ogen
OPTT,Ocean Power Technologies Inc. Common Stock,$0.179,-0.016,-8.205%,680284,10643980.00,United States,2007,Electric Utilities: Central,Utilities,/market-activity/stocks/optt
ORLA,Orla Mining Ltd. Common Shares,$3.97,-0.01,-0.251%,251858,1248251370.00,,2020,Precious Metals,Basic Materials,/market-activity/stocks/orla
OZ,Belpointe PREP LLC Class A Units,$62.00,2.0,3.333%,3430,231365648.00,,,,,/market-activity/stocks/oz
PAPL,Pineapple Financial Inc. Common Stock,$1.31,-0.33,-20.122%,1183400,9408392.00,,2023,Finance: Consumer Services,Finance,/market-activity/stocks/papl
PED,Pedevco Corp. Common Stock,$1.03,0.1,10.753%,387589,92035925.00,United States,,Oil & Gas Production,Energy,/market-activity/stocks/ped
PHGE,BiomX Inc. COmmon Stock,$0.29,-0.0058,-1.961%,69439,16013822.00,,2019,Biotechnology: Biological Products (No Diagnostic Substances),Health Care,/market-activity/stocks/phge
PLAG,Planet Green Holdings Corp. Common Stock,$0.1788,-0.0212,-10.60%,214862,12888249.00,China,,Packaged Foods,Consumer Staples,/market-activity/stocks/plag
PLG,Platinum Group Metals Ltd. Ordinary Shares (Canada),$1.34,-0.05,-3.597%,166566,137184745.00,Canada,,Precious Metals,Basic Materials,/market-activity/stocks/plg
PLX,Protalix BioTherapeutics Inc. (DE) Common Stock,$1.15,0.02,1.77%,449804,84009943.00,Israel,,Biotechnology: Biological Products (No Diagnostic Substances),Health Care,/market-activity/stocks/plx
PMNT,Perfect Moment Ltd. Common Stock,$2.8501,-0.0599,-2.058%,11237,44613895.00,United Kingdom,2024,,,/market-activity/stocks/pmnt
PRK,Park National Corporation Common Stock,$128.01,2.74,2.187%,53546,2063070477.00,United States,1994,Major Banks,Finance,/market-activity/stocks/prk
PTN,Palatin Technologies Inc. Common Stock,$1.84,-0.05,-2.646%,154768,29691418.00,United States,1999,Biotechnology: Pharmaceutical Preparations,Health Care,/market-activity/stocks/ptn
PW,Power REIT (MD) Common Stock,$0.51,0.0,0.00%,1474,1728727.00,United States,1998,Real Estate Investment Trusts,Real Estate,/market-activity/stocks/pw
PZG,Paramount Gold Nevada Corp. Common Stock,$0.4431,0.0021,0.476%,150402,26723509.00,United States,2015,Metal Mining,Basic Materials,/market-activity/stocks/pzg
RCG,RENN Fund Inc Common Stock,$1.64,0.05,3.145%,2415,0.00,United States,,Investment Managers,Finance,/market-activity/stocks/rcg
REI,Ring Energy Inc. Common Stock,$2.02,0.05,2.538%,1371096,399827088.00,United States,,Oil & Gas Production,Energy,/market-activity/stocks/rei
REPX,Riley Exploration Permian Inc. Common Stock,$27.82,0.04,0.144%,120790,567528890.00,United States,1999,Oil & Gas Production,Energy,/market-activity/stocks/repx
RHE,Regional Health Properties Inc. Common Stock,$2.89,0.01,0.347%,1938,5314791.00,,2017,Real Estate,Real Estate,/market-activity/stocks/rhe
RLGT,Radiant Logistics Inc. Common Stock,$4.93,0.0,0.00%,115259,231330567.00,United States,,Oil Refining/Marketing,Consumer Discretionary,/market-activity/stocks/rlgt
RVP,Retractable Technologies Inc. Common Stock,$1.06,0.01,0.952%,83853,31733389.00,United States,2001,Medical/Dental Instruments,Health Care,/market-activity/stocks/rvp
RYDE,Ryde Group Ltd. Class A Ordinary Shares,$3.60,-0.3,-7.692%,248742,68808395.00,,2024,,,/market-activity/stocks/ryde
SACC,Sachem Capital Corp. 6.875% Notes due 2024,$24.52,-0.03,-0.122%,3837,1163377171.00,United States,2019,Real Estate Investment Trusts,Real Estate,/market-activity/stocks/sacc
SACH,Sachem Capital Corp. Common Shares,$3.19,0.01,0.314%,217412,151352903.00,United States,2017,Real Estate Investment Trusts,Real Estate,/market-activity/stocks/sach
SATX,SatixFy Communications Ltd. Ordinary Share,$0.5345,-0.0005,-0.093%,14849,44424536.00,,2022,Radio And Television Broadcasting And Communications Equipment,Technology,/market-activity/stocks/satx
SBEV,Splash Beverage Group Inc. (NV) Common Stock,$0.3392,0.0062,1.862%,49781,15307990.00,,2021,Beverages (Production/Distribution),Consumer Staples,/market-activity/stocks/sbev
SCCB,Sachem Capital Corp. 7.125% Notes due 2024,$25.00,0.03,0.12%,14518,1186151275.00,United States,2019,Real Estate Investment Trusts,Real Estate,/market-activity/stocks/sccb
SCCC,Sachem Capital Corp. 7.75% Notes due 2025,$24.7051,-0.0699,-0.282%,1269,1172159435.00,United States,2020,Real Estate Investment Trusts,Real Estate,/market-activity/stocks/sccc
SCCD,Sachem Capital Corp. 6.00% Notes due 2026,$22.05,-0.06,-0.271%,1801,1046185425.00,United States,,Real Estate Investment Trusts,Real Estate,/market-activity/stocks/sccd
SCCE,Sachem Capital Corp. 6.00% Notes due 2027,$21.70,-0.06,-0.276%,3162,1029579307.00,United States,2022,Real Estate Investment Trusts,Real Estate,/market-activity/stocks/scce
SCCF,Sachem Capital Corp. 7.125% Notes due 2027,$22.00,-0.32,-1.434%,3622,1043813122.00,United States,2022,Real Estate Investment Trusts,Real Estate,/market-activity/stocks/sccf
SCCG,Sachem Capital Corp. 8.00% Notes due 2027,$22.75,-0.05,-0.219%,3629,1079397660.00,United States,2022,Real Estate Investment Trusts,Real Estate,/market-activity/stocks/sccg
SCPX,Scorpius Holdings Inc. Common Stock,$0.157,-0.0016,-1.009%,143277,4094857.00,United States,2022,Biotechnology: Pharmaceutical Preparations,Health Care,/market-activity/stocks/scpx
SDPI,Superior Drilling Products Inc. Common Stock,$1.24,0.11,9.735%,169532,37685138.00,,2014,Metal Fabrications,Industrials,/market-activity/stocks/sdpi
SEB,Seaboard Corporation Common Stock,$3229.56,97.57,3.115%,4123,3136080386.00,United States,1996,Farming/Seeds/Milling,Industrials,/market-activity/stocks/seb
SENS,Senseonics Holdings Inc. Common Stock,$0.3992,-0.0168,-4.038%,1975985,211842839.00,United States,,Industrial Machinery/Components,Industrials,/market-activity/stocks/sens
SER,Serina Therapeutics Inc. Common Stock,$10.6434,-0.29,-2.652%,4689,26615567.00,,2018,Biotechnology: Pharmaceutical Preparations,Health Care,/market-activity/stocks/ser
SGE,Strong Global Entertainment Inc. Class A Common Voting Shares,$1.40,0.0,0.00%,6923,11028979.00,,2023,,,/market-activity/stocks/sge
SGN,Signing Day Sports Inc. Common Stock,$0.2554,-0.0145,-5.372%,40863,3924301.00,,2023,,,/market-activity/stocks/sgn
SIF,SIFCO Industries Inc. Common Stock,$3.015,-0.035,-1.148%,2034,18572361.00,United States,1969,Office Equipment/Supplies/Services,Industrials,/market-activity/stocks/sif
SILV,SilverCrest Metals Inc. Common Shares,$7.90,0.33,4.359%,2070746,1160810200.00,Canada,2018,Precious Metals,Basic Materials,/market-activity/stocks/silv
SIM,Grupo Simec S.A.B. de C.V. American Depositary Shares,$31.0001,0.0,0.00%,71,4775419581.00,Mexico,1998,Steel/Iron Ore,Industrials,/market-activity/stocks/sim
SKYH,Sky Harbour Group Corporation Class A Common Stock,$8.81,-0.58,-6.177%,64983,585173221.00,United States,2022,Military/Government/Technical,Industrials,/market-activity/stocks/skyh
SLI,Standard Lithium Ltd. Common Shares,$1.05,-0.06,-5.405%,456858,181494807.00,Canada,2021,,,/market-activity/stocks/sli
SLND,Southland Holdings Inc. Common Stock,$4.82,0.18,3.879%,6099,231089410.00,United States,,Military/Government/Technical,Industrials,/market-activity/stocks/slnd
SLSR,Solaris Resources Inc.,$3.28,3.18,3180.00%,25472,485925210.00,,,,,/market-activity/stocks/slsr
SOAR,Volato Group Inc. Class A Common Stock,$2.0301,-0.2199,-9.773%,83681,59383732.00,,2022,Blank Checks,Finance,/market-activity/stocks/soar
SSY,SunLink Health Systems Inc. Common Stock,$0.68,-0.01,-1.449%,2141,4787610.00,United States,1996,Hospital/Nursing Management,Health Care,/market-activity/stocks/ssy
STRW,Strawberry Fields REIT Inc. Common Stock,$8.70,0.0,0.00%,5534,56325323.00,,2023,Real Estate Investment Trusts,Real Estate,/market-activity/stocks/strw
STXS,Stereotaxis Inc. Common Stock,$2.49,0.04,1.633%,143806,204500617.00,United States,,Biotechnology: Electromedical & Electrotherapeutic Apparatus,Health Care,/market-activity/stocks/stxs
SVM,Silvercorp Metals Inc. Common Shares,$3.57,0.0,0.00%,1386565,633240167.00,Canada,,,,/market-activity/stocks/svm
SVT,Servotronics Inc. Common Stock,$11.75,0.0,0.00%,1902,29883928.00,United States,1970,Industrial Machinery/Components,Consumer Discretionary,/market-activity/stocks/svt
SYNX,Silynxcom Ltd. Ordinary Shares,$3.65,-0.05,-1.351%,1253,19162500.00,,2024,,,/market-activity/stocks/synx
TELL,Tellurian Inc. Common Stock,$0.4954,0.1087,28.11%,34641509,387597706.00,United States,,Oil & Gas Production,Energy,/market-activity/stocks/tell
TELZ,Tellurian Inc. 8.25% Senior Notes due 2028,$11.3775,-0.1078,-0.939%,11360,8901681261.00,United States,,Oil & Gas Production,Energy,/market-activity/stocks/telz
TGB,Taseko Mines Ltd. Common Stock,$2.46,-0.03,-1.205%,2530976,710268420.00,Canada,,,,/market-activity/stocks/tgb
THM,International Tower Hill Mines Ltd. Ordinary Shares (Canada),$0.675,0.005,0.746%,100751,134793073.00,Canada,,Metal Mining,Basic Materials,/market-activity/stocks/thm
TMP,Tompkins Financial Corporation Common Stock,$45.72,2.03,4.646%,94917,658647715.00,United States,1997,Major Banks,Finance,/market-activity/stocks/tmp
TMQ,Trilogy Metals Inc. Common Stock,$0.3945,0.0216,5.792%,579715,63185798.00,Canada,,Precious Metals,Basic Materials,/market-activity/stocks/tmq
TOON,Kartoon Studios Inc. Common Stock,$1.08,-0.03,-2.703%,516044,38197065.00,United States,,Movies/Entertainment,Consumer Discretionary,/market-activity/stocks/toon
TOVX,Theriva Biologics Inc. Common Stock,$0.4152,-0.0328,-7.321%,66312,7119870.00,United States,,Biotechnology: Pharmaceutical Preparations,Health Care,/market-activity/stocks/tovx
TPET,Trio Petroleum Corp. Common Stock,$0.3975,0.0696,21.226%,49977591,14672450.00,,2023,Oil & Gas Production,Energy,/market-activity/stocks/tpet
TPHS,Trinity Place Holdings Inc. Common Stock,$0.138,-0.005,-3.497%,154093,8803551.00,,,Building operators,Real Estate,/market-activity/stocks/tphs
TRT,Trio-Tech International Common Stock,$6.34,0.01,0.158%,5386,26434979.00,United States,1998,Industrial Machinery/Components,Technology,/market-activity/stocks/trt
TRX,TRX Gold Corporation Common Stock,$0.471,0.011,2.391%,435710,131451736.00,Canada,,Precious Metals,Basic Materials,/market-activity/stocks/trx
UAMY,United States Antimony Corporation Common Stock,$0.2553,0.0083,3.36%,287314,27482360.00,United States,,Metal Fabrications,Industrials,/market-activity/stocks/uamy
UAVS,AgEagle Aerial Systems Inc. Common Stock,$0.6373,0.0177,2.857%,326121,6941106.00,United States,,Aerospace,Industrials,/market-activity/stocks/uavs
UEC,Uranium Energy Corp. Common Stock,$6.79,-0.04,-0.586%,4242082,2744113336.00,Canada,,Other Metals and Minerals,Basic Materials,/market-activity/stocks/uec
UMAC,Unusual Machines Inc. Common Stock,$1.54,-0.01,-0.645%,46712,13988345.00,,2024,,,/market-activity/stocks/umac
URG,Ur Energy Inc Common Shares (Canada),$1.69,-0.02,-1.17%,1814642,475948488.00,Canada,,Precious Metals,Basic Materials,/market-activity/stocks/urg
USAS,Americas Gold and Silver Corporation Common Shares no par value,$0.278,0.0188,7.253%,1055011,60347584.00,Canada,2017,,,/market-activity/stocks/usas
UTG,Reaves Utility Income Fund Common Shares of Beneficial Interest,$25.88,0.18,0.70%,307530,0.00,United States,2004,Investment Managers,Finance,/market-activity/stocks/utg
UUU,Universal Security Instruments Inc. Common Stock,$1.60,-0.055,-3.323%,32436,3700619.00,United States,2003,Electronic Components,Technology,/market-activity/stocks/uuu
UUUU,Energy Fuels Inc Ordinary Shares (Canada),$5.84,-0.01,-0.171%,1652416,955249261.00,Canada,,,,/market-activity/stocks/uuuu
VCXB,10X Capital Venture Acquisition Corp. III Class A Ordinary Shares,$10.97,0.09,0.827%,48221,166844814.00,,2022,Blank Checks,Finance,/market-activity/stocks/vcxb
VFL,abrdn National Municipal Income Fund Common Stock,$9.90,0.01,0.101%,36519,0.00,United States,1993,Finance/Investors Services,Finance,/market-activity/stocks/vfl
VGZ,Vista Gold Corp Common Stock,$0.554,0.004,0.727%,208900,67329861.00,United States,1986,,,/market-activity/stocks/vgz
VINE,Fresh Vine Wine Inc. Common Stock,$0.624,0.004,0.645%,15255,9969166.00,,2021,Beverages (Production/Distribution),Consumer Staples,/market-activity/stocks/vine
VKI,Invesco Advantage Municipal Income Trust II Common Shares of Beneficial Interest (DE),$8.19,0.0,0.00%,88203,363685304.00,United States,1993,Finance Companies,Finance,/market-activity/stocks/vki
VNRX,VolitionRX Limited Common Stock,$0.616,-0.0012,-0.194%,245613,50554160.00,Singapore,2015,Biotechnology: Biological Products (No Diagnostic Substances),Health Care,/market-activity/stocks/vnrx
VTAK,Catheter Precision Inc. Common Stock,$0.4413,-0.0399,-8.292%,56805,3342143.00,,2018,Medical/Dental Instruments,Health Care,/market-activity/stocks/vtak
VZLA,Vizsla Silver Corp. Common Shares,$1.42,0.01,0.709%,341661,295351223.00,,2022,Precious Metals,Basic Materials,/market-activity/stocks/vzla
WRN,Western Copper and Gold Corporation Common Stock,$1.44,0.035,2.491%,351565,234171317.00,Canada,2011,Metal Mining,Basic Materials,/market-activity/stocks/wrn
WWR,Westwater Resources Inc. Common Stock,$0.446,-0.0037,-0.823%,71976,25378262.00,United States,,Metal Mining,Basic Materials,/market-activity/stocks/wwr
WYY,WidePoint Corporation Common Stock,$1.96,-0.02,-1.01%,206418,17333599.00,United States,,EDP Services,Technology,/market-activity/stocks/wyy
XPL,Solitario Resources Corp. Common Stock,$0.7047,0.0037,0.528%,36844,56119741.00,United States,,Precious Metals,Basic Materials,/market-activity/stocks/xpl
XTNT,Xtant Medical Holdings Inc. Common Stock,$0.83,-0.0072,-0.86%,123193,108079729.00,United States,,Biotechnology: Biological Products (No Diagnostic Substances),Health Care,/market-activity/stocks/xtnt
YCBD,cbdMD Inc. Common Stock,$1.00,0.0008,0.08%,132143,3045092.00,United States,2017,Biotechnology: Pharmaceutical Preparations,Health Care,/market-activity/stocks/ycbd
ZDGE,Zedge Inc. Class B Common Stock ,$2.31,-0.1,-4.149%,48594,33628587.00,,2016,Computer Software: Prepackaged Software,Technology,/market-activity/stocks/zdge
ZOM,Zomedica Corp. Common Shares,$0.1237,-0.0056,-4.331%,6615066,121219774.00,United States,2017,Biotechnology: Pharmaceutical Preparations,Health Care,/market-activity/stocks/zom
